year,fossil_emissions,atmospheric_growth_ppm,atmospheric_growth_ppm_unc,atmospheric_growth_GtC,ocean_sink_bottom_up,ocean_sink_bottom_up_sd,land_sink_bottom_up,land_sink_bottom_up_sd,budget_imbalance_bottom_up,budget_imbalance_bottom_up_sd,budget_imbalance_bottom_up_p2.5,budget_imbalance_bottom_up_p97.5,atmospheric_growth_GtC_top_down,ocean_sink_top_down,ocean_sink_top_down_sd,land_sink_top_down,land_sink_top_down_sd,budget_closure_top_down,budget_closure_top_down_sd,land_sink_combined,land_sink_combined_sigma,ocean_sink_combined,ocean_sink_combined_sigma
2010,8.941,,,5.0126,2.5207,0.4804,1.7384,1.3145,-0.3307,1.1772,-1.8431,1.9704,,,,,,,,,,,
2011,9.247,,,3.6745,2.5718,0.4668,3.5053,0.1141,-0.5047,0.4874,-1.274,0.4556,,,,,,,,,,,
2012,9.3687,,,5.1401,2.6179,0.4732,1.7411,0.4929,-0.1304,0.6289,-1.333,1.0296,,,,,,,,,,,
2013,9.4465,,,5.2038,2.6405,0.493,1.9394,0.6212,-0.3372,0.7148,-1.6836,1.0105,,,,,,,,,,,
2014,9.4923,,,4.3117,2.7714,0.4725,2.6053,0.0882,-0.1962,0.4961,-1.0224,0.7398,,,,,,,,,,,
2015,9.473,2.95,0.07,6.2658,2.8627,0.4833,0.9843,0.3431,-0.6398,0.5671,-1.6977,0.4414,6.2053,2.9337,0.1529,0.3685,0.2013,-0.0344,0.0642,0.6764,0.1989,2.8982,0.2534
2016,9.4674,2.83,0.09,6.0109,2.9689,0.5064,1.4717,1.4253,-0.9841,1.2774,-3.1146,1.2775,6.0483,3.0831,0.3014,0.2649,0.2896,0.0711,0.0737,0.8683,0.7272,3.026,0.2947
2017,9.6232,2.14,0.1,4.5454,2.8634,0.5418,2.6016,0.6297,-0.3871,0.7668,-1.8191,1.1155,4.4443,2.9781,0.2046,2.067,0.2786,0.1338,0.168,2.3343,0.3443,2.9207,0.2896
2018,9.826,2.39,0.09,5.0764,2.8997,0.5373,2.6062,0.1285,-0.7562,0.5661,-1.7726,0.2964,5.295,3.0094,0.3167,1.6505,0.2097,-0.1289,0.1185,2.1284,0.123,2.9545,0.3119
2019,9.9123,2.5,0.06,5.31,2.9409,0.5864,1.291,0.3545,0.3704,0.6521,-0.8793,1.5949,5.4255,3.0546,0.1519,1.0863,0.3379,0.3459,0.2269,1.1887,0.2449,2.9977,0.3029
2020,9.3819,2.33,0.08,4.9489,2.9448,0.5769,1.7171,0.5286,-0.2289,0.7284,-1.6289,1.1756,5.0531,3.0846,0.2082,1.2544,0.1844,-0.0102,0.083,1.4858,0.2799,3.0147,0.3067
2021,9.8375,2.38,0.07,5.0551,2.8543,0.5868,1.6635,0.2923,0.2645,0.6364,-1.0471,1.3554,5.3936,2.9701,0.2627,1.6383,0.1942,-0.1645,0.1553,1.6509,0.1755,2.9122,0.3215
2022,10.0214,2.24,0.12,4.7578,2.844,0.5903,2.7716,0.4316,-0.352,0.7215,-1.8101,1.0292,4.1149,2.9008,0.304,2.9449,0.3439,0.0608,0.0953,2.8583,0.276,2.8724,0.332
2023,10.1695,2.7,0.16,5.7348,3.0268,0.6267,0.6942,0.3292,0.7137,0.7483,-0.7769,2.1139,6.5654,3.012,0.0877,0.7572,0.1562,-0.1652,0.2218,0.7257,0.1822,3.0194,0.3164
2024,10.3103,3.76,0.09,7.9862,3.0964,0.6209,-0.9847,0.5121,0.2123,0.7592,-1.475,1.4713,7.7175,2.9065,0.1241,0.0839,0.5129,-0.3977,0.6025,-0.4504,0.3624,3.0015,0.3166
2025,10.3824,2.06,0.09,4.3754,3.1546,0.6522,2.0431,0.2424,0.8092,0.6916,-0.6591,1.9142,4.5655,3.0649,0.3174,2.6813,0.1967,0.0707,0.2571,2.3622,0.1561,3.1098,0.3626
